{
  "recovered_key_hex": [
    "0x48",
    "0x9d",
    "0xb4",
    "0xb3",
    "0xf3",
    "0x17",
    "0x29",
    "0x61",
    "0x7e",
    "0x2b",
    "0xcb",
    "0x4e",
    "0xd2",
    "0xe2",
    "0x8e",
    "0xb7"
  ],
  "recovered_key_int": [
    72,
    157,
    180,
    179,
    243,
    23,
    41,
    97,
    126,
    43,
    203,
    78,
    210,
    226,
    142,
    183
  ],
  "byte_best_scores": [
    0.5669688354292597,
    0.7448534344907131,
    0.7090040607637126,
    0.6112721516668442,
    0.6505859009284188,
    0.6874207741476758,
    0.6357710290550982,
    0.6086366027846161,
    0.5366239037535053,
    0.6657609144545119,
    0.5855120608325373,
    0.5148339749559849,
    0.6096524635022413,
    0.6095614627515805,
    0.6377890555073553,
    0.5701965528569369
  ],
  "scores_byte0": [
    0.2941646245332874,
    0.23731820464192047,
    0.25835257458472427,
    0.25574685814611303,
    0.33153855299666585,
    0.37570527677053855,
    0.33410523778645157,
    0.3611262777555488,
    0.2596504666629391,
    0.30472849631058846,
    0.33314603399401216,
    0.23339155624157765,
    0.36913055769667696,
    0.40713907975864466,
    0.3711436051786909,
    0.26795881615614664,
    0.31915542506552935,
    0.2751015290083645,
    0.2814817606367991,
    0.2679737729599251,
    0.2779762427979371,
    0.4117013376871108,
    0.2914515026674392,
    0.2964580536633744,
    0.2867433515025084,
    0.3535276067156361,
    0.3362329601349015,
    0.3057916125857199,
    0.2784481916894701,
    0.3046640252070757,
    0.25136880549038215,
    0.29804183934537903,
    0.28208534383557526,
    0.22470305942521981,
    0.2584288857626726,
    0.33373079192986643,
    0.30273465939227207,
    0.36741483153518933,
    0.2950712439548229,
    0.377717458816533,
    0.3843641294666222,
    0.2906482550667622,
    0.3661155443882644,
    0.28999847118655864,
    0.33576163528736586,
    0.2992133753336552,
    0.2608218388331163,
    0.3007975693472817,
    0.3454543365226018,
    0.3831329909728299,
    0.25382542425646426,
    0.2624682389643923,
    0.28387853652688816,
    0.2826372493154103,
    0.27789063800339187,
    0.3290263856222204,
    0.3186223882284435,
    0.43858423036979327,
    0.30454463086768396,
    0.4012777641712767,
    0.38540325272928083,
    0.2848245776506196,
    0.28318049445043064,
    0.30447834369404825,
    0.27787302947513604,
    0.30501221212167,
    0.2754712331386096,
    0.28114283926200445,
    0.23752472866630753,
    0.3706145539971094,
    0.2880469681218097,
    0.3231315823613564,
    0.5669688354292597,
    0.2864222925754714,
    0.34235146994515847,
    0.3393913973760439,
    0.2693378900296186,
    0.3173006724580698,
    0.31398998872849077,
    0.2939347767840325,
    0.28164539355598517,
    0.38508967534957045,
    0.3696285673921237,
    0.30100890762135324,
    0.33639008218287714,
    0.2844887441042691,
    0.26021292463989093,
    0.397101234945424,
    0.24225604662487962,
    0.2616998028025135,
    0.26498239919887606,
    0.29958923686181343,
    0.3385265489710636,
    0.27067541586562116,
    0.33706704093023293,
    0.31398358655222997,
    0.3247218643082246,
    0.31352623097070875,
    0.2935400805485719,
    0.2671729045904433,
    0.3686397514113384,
    0.4816524775760698,
    0.35324922774350004,
    0.3950251504878465,
    0.31777210202974876,
    0.3161588158681846,
    0.2881433383489864,
    0.3480071580603371,
    0.254356444703669,
    0.3352797481063581,
    0.2588835020372666,
    0.3046440432882207,
    0.35796921293658324,
    0.2331983520084853,
    0.4490051660743546,
    0.31334446160583007,
    0.35767168829563734,
    0.3089576947112763,
    0.2977896292358722,
    0.29183246646616134,
    0.22543783929273986,
    0.3003933554112996,
    0.5173541035610217,
    0.2775719939493557,
    0.30683541696374816,
    0.2872334219240369,
    0.3407375877896634,
    0.35962890221881577,
    0.2795298829763106,
    0.45039373078630823,
    0.2590804821866264,
    0.2718099832589901,
    0.4921861189720545,
    0.42454622943975534,
    0.30142103014999755,
    0.37417222815099005,
    0.30678383360527445,
    0.3246736219276363,
    0.3071372383290127,
    0.3149059493133465,
    0.27451852706851065,
    0.4029091546882751,
    0.2349644705946438,
    0.4440125014260304,
    0.23873997833182767,
    0.29107452814792245,
    0.4029035472070646,
    0.27966758495354344,
    0.30543437044273564,
    0.2911833654883588,
    0.3732692804011597,
    0.2766046245438787,
    0.3829251416183668,
    0.33040672309045654,
    0.27909589044050653,
    0.2996274381422593,
    0.3095053972436282,
    0.32301767991060004,
    0.31672081789882073,
    0.3083761726550495,
    0.23958230702456362,
    0.3302103700184657,
    0.24687921459437506,
    0.2598897259536294,
    0.30396880788449937,
    0.24844253079058035,
    0.26884228750182304,
    0.3062632465073837,
    0.2882954090338185,
    0.3443376830614419,
    0.3414543732921683,
    0.3237780900190034,
    0.3002127370291585,
    0.3876694890351109,
    0.2529025723159948,
    0.2436944263794107,
    0.2808326540507466,
    0.3023487978205384,
    0.27592902567534566,
    0.25899813935390464,
    0.3479133432172773,
    0.24852293641689757,
    0.3395742628304193,
    0.2618662776399566,
    0.2684042224492783,
    0.24464118450340921,
    0.32814111997181356,
    0.31502776914412933,
    0.3108768543250198,
    0.3128580558750931,
    0.3266026009661617,
    0.24475760438070615,
    0.2602041468629473,
    0.4121691327709222,
    0.24697676910916566,
    0.3372967290642788,
    0.33452854793584175,
    0.25339545567809574,
    0.31451981908661936,
    0.36666733066331075,
    0.28206210839863083,
    0.3548190912479753,
    0.39370947951929597,
    0.2419977792146218,
    0.26910521451674774,
    0.2829293697498561,
    0.29313394519264513,
    0.3293937116441815,
    0.2666190815785728,
    0.26085135074253146,
    0.3195091239094021,
    0.31536450846198116,
    0.28084977368275976,
    0.27336569641231245,
    0.3220080404636258,
    0.2550179860528917,
    0.294456244936887,
    0.27570949607088185,
    0.30733751710161744,
    0.29670890497922064,
    0.3793946664848888,
    0.33034612595831886,
    0.314524340882309,
    0.2727914317285138,
    0.2703854776943524,
    0.3232787851810995,
    0.3829553864070718,
    0.315402893174756,
    0.2609248724756138,
    0.37991342570797415,
    0.38049037126815355,
    0.35793564610634226,
    0.2591188878894288,
    0.32169658274362156,
    0.348498836885811,
    0.25647141064693907,
    0.32529116771823635,
    0.33700749043872813,
    0.31014314841968776,
    0.2848134181788361,
    0.3060358115759543,
    0.26205449837657785,
    0.33471093649099565,
    0.3455814056848209,
    0.3739542860270501,
    0.23356658617305504,
    0.3708423046431713,
    0.2678739676854158,
    0.4107628819611611,
    0.3309905449672435,
    0.3058027927023041,
    0.3229975680763614,
    0.30656502845986505,
    0.24968025349330247,
    0.29258208795665047,
    0.3229929344454729
  ]
}